INSERT INTO STORE VALUES('s-100','판교 이디아','저희 매장을 방문해 주셔서 진심으로 감사드립니다.저희 매장은 다른 매장과 다르게 매일 신선한재료로 여러분들을 맞이하고있습니다. 아침마다 추천메뉴바뀌니 많은 관심부탁드립니다.'
                          , '062-372-4755','판교동 625에 위치한 판교 이디아점입니다.','PEdiya@email.com','빵,커피',504,to_date('198009050900','yyyy-mm-dd hh24:mi'),to_date('198009052200','yyyy-mm-dd hh24:mi'),'N');
                          
INSERT INTO STORE VALUES('s-101','판교 스타벅스','시애틀에 본사를 두고 있고 간단한 스낵과 무료 Wi-Fi를 제공하는 유명 커피 체인점입니다.저희 판교체인점은 매월스페셜메뉴가있으니 많은관심 부탁드립니다.','02-758-8860','판교 삼평동 분당내곡로 150','Munjung@email.com',
                          '빵,커피',809,to_date('198009050800','yyyy-mm-dd hh24:mi'),to_date('198009052200','yyyy-mm-dd hh24:mi'),'N');                          
                                         
                          
INSERT INTO STORE VALUES('s-102','판교 엔젤리너스','판교에서 제일맛있는 카페체인점으로 자부합니다.매주월요일마다 할인행사하고있습니다. 사이트를 참조하시면 더욱더 자세한내용을 얻으실수 있습니다.','051-314-3100',
                         '판교 삼평동 대왕판교로 660 유스페이스 1B-221호','BusanAngel@email.com','빵,커피',400,to_date('198009050900','yyyy-mm-dd hh24:mi'),to_date('198009052100','yyyy-mm-dd hh24:mi'),'Y');                          
                          
INSERT INTO STORE VALUES('s-103','판교 할리스','저희 매장을 방문해 주셔서 진심으로 감사드립니다.영등포역 근처에 위치하고있어 아침 9시부터 11시까지는 사람들이 붐비므로 참고하시길 바랍니다.최근 조회수가 제일 많은 매장으로 뽑히기도 했는데요. 그만큼 저희만의 특색있는 메뉴가 있으므로 참고하시기바랍니다.'
                          , '070-4159-8897','서울 영등포구 경인로 847에 위치한 영등포 할리스점입니다.','hollys@email.com','빵',10340,to_date('198009050900','yyyy-mm-dd hh24:mi'),to_date('198009051000','yyyy-mm-dd hh24:mi'),'N');                          
                    
                          
INSERT INTO STORE VALUES('s-104','판교 더리터점','저희 매장을 방문해주셔서 감사합니다.판교테크노벨리에 위치해서 아침9시부터 11시까지는 직장인들이 많이 붐빕니다.그리고 저희 매출의 1등은 청포도에이드가 베스트에요',
                            '031-724-2520','경기 성남시 분당구 대왕판교로 660 ,삼평동 670 유스페이스1 1층 146호','theliter@email.com', '빵,커피',500,to_date('198009050900','yyyy-mm-dd hh24:mi'),to_date('198009052100','yyyy-mm-dd hh24:mi'),'Y');

INSERT INTO STORE VALUES('s-105','판교 코피아','ㅇ'
                          , '062-372-4755','삼평동 691-1 1층 코피아','GwangjuEdiya@email.com','빵,커피',504,to_date('198009050900','yyyy-mm-dd hh24:mi'),to_date('198009052200','yyyy-mm-dd hh24:mi'),'N');
                          
INSERT INTO STORE VALUES('s-106','판교 파리바게트','시애틀에 본사를 두고 있고 간단한 스낵과 무료 Wi-Fi를 제공하는 유명 커피 체인점입니다.저희 문정체인점은 매월스페셜메뉴가있으니 많은관심 부탁드립니다.','02-758-8860','판교 백현동 578-5','Munjung@email.com',
                          '빵,커피',809,to_date('198009050800','yyyy-mm-dd hh24:mi'),to_date('198009052100','yyyy-mm-dd hh24:mi'),'N');                          
                         
                         
                          
INSERT INTO STORE VALUES('s-107','판교 뚜레주르','부산에서 제일맛있는 카페체인점으로 자부합니다.매주월요일마다 할인행사하고있습니다. 사이트를 참조하시면 더욱더 자세한내용을 얻으실수 있습니다.','051-314-3100',
                         '판교 삼평동 741','BusanAngel@email.com','빵,커피',400,to_date('198009050900','yyyy-mm-dd hh24:mi'),to_date('198009052200','yyyy-mm-dd hh24:mi'),'Y');                          
                          
INSERT INTO STORE VALUES('s-108','판교 그래비티 ','저희 매장을 방문해 주셔서 진심으로 감사드립니다.영등포역 근처에 위치하고있어 아침 9시부터 11시까지는 사람들이 붐비므로 참고하시길 바랍니다.최근 조회수가 제일 많은 매장으로 뽑히기도 했는데요. 그만큼 저희만의 특색있는 메뉴가 있으므로 참고하시기바랍니다.'
                          , '070-4159-8897','판교 삼평동 산29-16','hollys@email.com','빵',10340,to_date('198009050900','yyyy-mm-dd hh24:mi'),to_date('198009052200','yyyy-mm-dd hh24:mi'),'N');                          
                    
                          
INSERT INTO STORE VALUES('s-109','판교 요거프레소','저희 매장을 방문해주셔서 감사합니다.판교테크노벨리에 위치해서 아침9시부터 11시까지는 직장인들이 많이 붐빕니다.그리고 저희 매출의 1등은 청포도에이드가 베스트에요',
                            '031-724-2520','경기 성남시 분당구 대왕판교로 660 ,삼평동 670 유스페이스1 1층 146호','theliter@email.com', '빵',500,to_date('198009050900','yyyy-mm-dd hh24:mi'),to_date('198009052100','yyyy-mm-dd hh24:mi'),'N');

INSERT INTO STORE VALUES('s-110','판교 서브웨이','저희 매장을 방문해주셔서 감사합니다.판교테크노벨리에 위치해서 아침9시부터 11시까지는 직장인들이 많이 붐빕니다.그리고 저희 매출의 1등은 청포도에이드가 베스트에요',
                            '031-724-2520','삼평동 판교역로 192번길 14-2','theliter@email.com', '빵',500,to_date('198009050900','yyyy-mm-dd hh24:mi'),to_date('198009052100','yyyy-mm-dd hh24:mi'),'N');

INSERT INTO STORE VALUES('s-111','판교 빵커요','저희 매장을 방문해 주셔서 진심으로 감사드립니다.저희 매장은 다른 매장과 다르게 매일 신선한재료로 여러분들을 맞이하고있습니다. 아침마다 추천메뉴바뀌니 많은 관심부탁드립니다.'
                          , '062-372-4755','삼평동 판교역로 192번길 16','GwangjuEdiya@email.com','빵,커피',504,to_date('198009050900','yyyy-mm-dd hh24:mi'),to_date('198009052000','yyyy-mm-dd hh24:mi'),'N');
                          
INSERT INTO STORE VALUES('s-112','판교 커피후','시애틀에 본사를 두고 있고 간단한 스낵과 무료 Wi-Fi를 제공하는 유명 커피 체인점입니다.저희 문정체인점은 매월스페셜메뉴가있으니 많은관심 부탁드립니다.','02-758-8860','판교역로 145라 스트리트 2동 2층','Munjung@email.com',
                          '커피',809,to_date('198009050800','yyyy-mm-dd hh24:mi'),to_date('198009052200','yyyy-mm-dd hh24:mi'),'N');                          
                                                                        
                          
INSERT INTO STORE VALUES('s-113','판교 디초콜릿','부산에서 제일맛있는 카페체인점으로 자부합니다.매주월요일마다 할인행사하고있습니다. 사이트를 참조하시면 더욱더 자세한내용을 얻으실수 있습니다.','051-314-3100',
                         '동판교로 177번길 25','BusanAngel@email.com','빵,커피',400,to_date('198009050900','yyyy-mm-dd hh24:mi'),to_date('198009052300','yyyy-mm-dd hh24:mi'),'N');                          
                          
INSERT INTO STORE VALUES('s-114','판교 라디오','저희 매장을 방문해 주셔서 진심으로 감사드립니다.영등포역 근처에 위치하고있어 아침 9시부터 11시까지는 사람들이 붐비므로 참고하시길 바랍니다.최근 조회수가 제일 많은 매장으로 뽑히기도 했는데요. 그만큼 저희만의 특색있는 메뉴가 있으므로 참고하시기바랍니다.'
                          , '070-4159-8897','판교동 서판교로 44번길 17-5','hollys@email.com','타르트,커피',10340,to_date('198009050900','yyyy-mm-dd hh24:mi'),to_date('198009052100','yyyy-mm-dd hh24:mi'),'N');                          
                    
                          
INSERT INTO STORE VALUES('s-115','판교 파스쿠찌','저희 매장을 방문해주셔서 감사합니다.판교테크노벨리에 위치해서 아침9시부터 11시까지는 직장인들이 많이 붐빕니다.그리고 저희 매출의 1등은 청포도에이드가 베스트에요',
                            '031-724-2520','경기 성남시 분당구 대왕판교로 606번길 10 알파 리움 1단지 2층','theliter@email.com', '빵',500,to_date('198009050900','yyyy-mm-dd hh24:mi'),to_date('198009052000','yyyy-mm-dd hh24:mi'),'N');
        


                            
INSERT INTO GENERAL_USER VALUES('u-1','$2a$10$60vYdQzTq.zJ3JDn3HL5xOkLvSMtHX0givzaBXOPAeXQvJs6BOwCe','김형주',to_date('20170622', 'yyyy-mm-dd'),'남','khjsuccess6808@naver.com','010-5016-6816','서울시 송파구 문정동','Y',null);
INSERT INTO GENERAL_USER VALUES('u-2','$2a$10$60vYdQzTq.zJ3JDn3HL5xOkLvSMtHX0givzaBXOPAeXQvJs6BOwCe','이진영',to_date('20170622', 'yyyy-mm-dd'),'여','jy@naver.com','010-1234-3242','경기도 고양시 일산 서구','Y',null);
INSERT INTO GENERAL_USER VALUES('us','$2a$10$60vYdQzTq.zJ3JDn3HL5xOkLvSMtHX0givzaBXOPAeXQvJs6BOwCe','최민희',to_date('20170622', 'yyyy-mm-dd'),'여','minimini@naver.com','010-3453-3423','경기도 수원시 영통구 ','Y','s-100');
INSERT INTO GENERAL_USER VALUES('admin','$2a$10$60vYdQzTq.zJ3JDn3HL5xOkLvSMtHX0givzaBXOPAeXQvJs6BOwCe','노현식',to_date('20160622', 'yyyy-mm-dd'),'남','hyungsik@naver.com','010-4564-2342','경상남도 김해시 ','Y',null);

INSERT INTO user_authority VALUES('u-1', 'ROLE_CNB_USER');
INSERT INTO user_authority VALUES('u-2', 'ROLE_CNB_USER');
INSERT INTO user_authority VALUES('us', 'ROLE_CNB_STORE');
INSERT INTO user_authority VALUES('admin', 'ROLE_CNB_ADMIN');  

INSERT INTO STORE_PICTURE VALUES ('store_image/판교이디아.jpg','s-100');
INSERT INTO STORE_PICTURE VALUES ('store_image/판교스타벅스.jpg', 's-101');
INSERT INTO STORE_PICTURE VALUES ('store_image/판교엔젤리너스.jpg', 's-102');
INSERT INTO STORE_PICTURE VALUES ('store_image/판교할리스.jpg',  's-103');
INSERT INTO STORE_PICTURE VALUES ('store_image/판교더리터점.jpg', 's-104');
INSERT INTO STORE_PICTURE VALUES ('store_image/판교코피아.jpg', 's-105');
INSERT INTO STORE_PICTURE VALUES ('store_image/판교파리바게트.jpg','s-106');
INSERT INTO STORE_PICTURE VALUES ('store_image/판교뚜레주르.jpg', 's-107');
INSERT INTO STORE_PICTURE VALUES ('store_image/판교그래비티.jpg', 's-108');
INSERT INTO STORE_PICTURE VALUES ('store_image/판교요거프레소.jpg',  's-109');
INSERT INTO STORE_PICTURE VALUES ('store_image/판교서브웨이.jpg', 's-110');
INSERT INTO STORE_PICTURE VALUES ('store_image/판교빵커요.jpg', 's-111');
INSERT INTO STORE_PICTURE VALUES ('store_image/판교커피후.jpg','s-112');
INSERT INTO STORE_PICTURE VALUES ('store_image/판교디초콜릿.jpg', 's-113');
INSERT INTO STORE_PICTURE VALUES ('store_image/판교라디오.jpg', 's-114');

/*좌표*/

INSERT INTO STORE_POSITION VALUES('s-100','37.40259704259263','127.10579376528828');
INSERT INTO STORE_POSITION VALUES('s-101','37.40213705665957','127.10631265336175');
INSERT INTO STORE_POSITION VALUES('s-102','37.40272015725536','127.10912576307398');
INSERT INTO STORE_POSITION VALUES('s-103','37.40070301355638','127.10788049604447');
INSERT INTO STORE_POSITION VALUES('s-104','37.40209731129592','127.11035593064082');
INSERT INTO STORE_POSITION VALUES('s-105','37.4000970162332','127.11038687919142');
INSERT INTO STORE_POSITION VALUES('s-106','37.39922518638413','127.10804778459772');
INSERT INTO STORE_POSITION VALUES('s-107','37.400402141869456','127.10170226130225');
INSERT INTO STORE_POSITION VALUES('s-108','37.40185144273942','127.10325152413141');
INSERT INTO STORE_POSITION VALUES('s-109','37.40184434485916','127.10103785313645');
INSERT INTO STORE_POSITION VALUES('s-110','37.397730429162955','127.09654878172046');
INSERT INTO STORE_POSITION VALUES('s-111','37.39405205248971','127.10942940022333');
INSERT INTO STORE_POSITION VALUES('s-112','37.39337410060103','127.11176604876441');
INSERT INTO STORE_POSITION VALUES('s-113','37.39220266678481','127.1118772369645 ');
INSERT INTO STORE_POSITION VALUES('s-114','37.40019044433842','127.11631633513423');